{"AddOrUpdate":{"SqlExtendedMachines":[],"SqlServers":[],"SqlDatabases":[],"SqlAvailabilityGroups":[],"RunAsAccounts":[],"Errors":[{"Entity":"{\"Id\":\"fe531d23-4bdb-4e72-b7cd-0bb230061bda_VMNET2.FPL.COM_MSSQLSERVER\",\"Hostname\":\"VMNET2.FPL.COM\",\"ServerName\":\"MSSQLSERVER\",\"MachineIds\":[\"fe531d23-4bdb-4e72-b7cd-0bb230061bda_500f281e-477c-1618-045f-c44db285b012-ext\"],\"Port\":1433,\"AvailablePortList\":[1433],\"IsDynamicPort\":false,\"IpAddresses\":null,\"RunAsAccountId\":null,\"HydratedRunAsAccount\":null,\"FabricElementType\":\"SqlServer\",\"Status\":4,\"IsClustered\":true,\"NamedPipeName\":\"\\\\\\\\.\\\\pipe\\\\$$\\\\VMNET2\\\\sql\\\\query\",\"IsNamedPipeEnabled\":true,\"IsTCPIPEnabled\":true,\"HydratedDataSource\":null,\"IPToPortmapping\":[{\"IPAddress\":\"10.150.13.29\",\"PortList\":[1433]}]}","EntityType":"SqlServer","EntityErrors":[{"ErrorCode":"LoginFailed18456","ErrorLevel":"Error","ErrorMessageParametersMap":{"ErrorState":"1","PossibleCauses":"Error information isn't available. This state usually means you don't have permission to receive the error details. Contact your SQL Server administrator for more information."},"RunAsAccountId":"47d4a694-c085-5c71-81e6-be7dc956ba72","DiscoveryScope":"StaticData","Id":"","Message":"","SummaryMessage":"","PossibleCause":"","RecommendedAction":"","UpdatedTimeStamp":"2025-10-17T13:52:50.2044545Z","AdditionalInfo":{}}],"FabricElementType":"Error"},{"Entity":"{\"Id\":\"fe531d23-4bdb-4e72-b7cd-0bb230061bda_500f40d7-4d85-7a4b-f80f-6d88f2e8cc32_MSSQLSERVER\",\"Hostname\":\"VM-GQLAG02.FPL.COM\",\"ServerName\":\"MSSQLSERVER\",\"MachineIds\":[],\"Port\":1433,\"AvailablePortList\":[1433],\"IsDynamicPort\":false,\"IpAddresses\":null,\"RunAsAccountId\":null,\"HydratedRunAsAccount\":null,\"FabricElementType\":\"SqlServer\",\"Status\":4,\"IsClustered\":false,\"NamedPipeName\":\"\\\\\\\\.\\\\pipe\\\\sql\\\\query\",\"IsNamedPipeEnabled\":true,\"IsTCPIPEnabled\":true,\"HydratedDataSource\":null,\"IPToPortmapping\":[{\"IPAddress\":\"10.150.9.193\",\"PortList\":[1433]},{\"IPAddress\":\"10.150.12.241\",\"PortList\":[1433]},{\"IPAddress\":\"169.254.3.150\",\"PortList\":[1433]}]}","EntityType":"SqlServer","EntityErrors":[{"ErrorCode":"LoginFailed18456","ErrorLevel":"Error","ErrorMessageParametersMap":{"ErrorState":"1","PossibleCauses":"Error information isn't available. This state usually means you don't have permission to receive the error details. Contact your SQL Server administrator for more information."},"RunAsAccountId":"47d4a694-c085-5c71-81e6-be7dc956ba72","DiscoveryScope":"StaticData","Id":"","Message":"","SummaryMessage":"","PossibleCause":"","RecommendedAction":"","UpdatedTimeStamp":"2025-10-17T13:54:18.5763413Z","AdditionalInfo":{}}],"FabricElementType":"Error"},{"Entity":"{\"Id\":\"fe531d23-4bdb-4e72-b7cd-0bb230061bda_500fadaf-6d55-d4ef-53f9-3dda67f1b754_MSSQLSERVER\",\"Hostname\":\"WIN-0A8OOECUUJ4\",\"ServerName\":\"MSSQLSERVER\",\"MachineIds\":[],\"Port\":1433,\"AvailablePortList\":[1433],\"IsDynamicPort\":false,\"IpAddresses\":null,\"RunAsAccountId\":null,\"HydratedRunAsAccount\":null,\"FabricElementType\":\"SqlServer\",\"Status\":4,\"IsClustered\":false,\"NamedPipeName\":\"\",\"IsNamedPipeEnabled\":false,\"IsTCPIPEnabled\":true,\"HydratedDataSource\":null,\"IPToPortmapping\":[{\"IPAddress\":\"10.150.9.165\",\"PortList\":[1433]}]}","EntityType":"SqlServer","EntityErrors":[{"ErrorCode":"LoginFailed18456","ErrorLevel":"Error","ErrorMessageParametersMap":{"ErrorState":"1","PossibleCauses":"Error information isn't available. This state usually means you don't have permission to receive the error details. Contact your SQL Server administrator for more information."},"RunAsAccountId":"47d4a694-c085-5c71-81e6-be7dc956ba72","DiscoveryScope":"StaticData","Id":"","Message":"","SummaryMessage":"","PossibleCause":"","RecommendedAction":"","UpdatedTimeStamp":"2025-10-17T13:52:20.902891Z","AdditionalInfo":{}}],"FabricElementType":"Error"},{"Entity":"{\"Id\":\"fe531d23-4bdb-4e72-b7cd-0bb230061bda_500f281e-477c-1618-045f-c44db285b012-ext\",\"Hostname\":\"VM-GQLVM08.FPL.COM\",\"IPsAndHostNames\":[\"VM-GQLVM08.FPL.COM\",\"2404:f801:4800:25:1f18:5c71:972b:8464\",\"10.150.10.1\",\"10.150.13.29\",\"2404:f801:4800:25:49ab:4d6e:423a:b6\",\"10.150.10.6\"],\"MachineDisplayName\":\"VM-GQLVM08\",\"HydratedRunAsAccount\":\"c96c2668-a5cb-504d-8b83-6fc4209f367a\",\"GuestOS\":1,\"FabricElementType\":\"SqlExtendedMachine\"}","EntityType":"SqlExtendedMachine","EntityErrors":[{"ErrorCode":"UnableToConnectToPhysicalServer","ErrorLevel":"Error","ErrorMessageParametersMap":{"Name":"VM-GQLVM08","ErrorCode":"UnableToConnectToPhysicalServer","ErrorMessage":"Unable to connect to this machine. The error per IP is: \n[IP: VM-GQLVM08, Error:Unable to connect to server/vm 'VM-GQLVM08' due to an error. Error code: '-2146233088' Error details: 'Failed to open runspace (state: Broken).System.Management.Automation.Remoting.PSRemotingTransportException: Connecting to remote server VM-GQLVM08 failed with the following error message : The WinRM client cannot process the request because the server name cannot be resolved. For more information, see the about_Remote_Troubleshooting Help topic.'.]\n[IP: VM-GQLVM08, Error:Unable to connect to server/vm 'VM-GQLVM08' due to an error. Error code: '-2146233088' Error details: 'Failed to open runspace (state: Broken).System.Management.Automation.Remoting.PSRemotingTransportException: Connecting to remote server VM-GQLVM08 failed with the following error message : The WinRM client cannot process the request because the server name cannot be resolved. For more information, see the about_Remote_Troubleshooting Help topic.'.]\n[IP: VM-GQLVM08.FPL.COM, Error:Unable to connect to server/vm 'VM-GQLVM08.FPL.COM' due to an error. Error code: '-2146233088' Error details: 'Failed to open runspace (state: Broken).System.Management.Automation.Remoting.PSRemotingTransportException: Connecting to remote server VM-GQLVM08.FPL.COM failed with the following error message : The WinRM client cannot process the request because the server name cannot be resolved. For more information, see the about_Remote_Troubleshooting Help topic.'.]\n[IP: VM-GQLVM08.FPL.COM, Error:Unable to connect to server/vm 'VM-GQLVM08.FPL.COM' due to an error. Error code: '-2146233088' Error details: 'Failed to open runspace (state: Broken).System.Management.Automation.Remoting.PSRemotingTransportException: Connecting to remote server VM-GQLVM08.FPL.COM failed with the following error message : The WinRM client cannot process the request because the server name cannot be resolved. For more information, see the about_Remote_Troubleshooting Help topic.'.]\n"},"RunAsAccountId":"c96c2668-a5cb-504d-8b83-6fc4209f367a","DiscoveryScope":"StaticData","Id":"","Message":"","SummaryMessage":"","PossibleCause":"","RecommendedAction":"","UpdatedTimeStamp":"2025-10-17T13:53:07.7908623Z","AdditionalInfo":{}}],"FabricElementType":"Error"},{"Entity":"{\"Id\":\"fe531d23-4bdb-4e72-b7cd-0bb230061bda_VMNET1.FPL.COM_MSSQLSERVER\",\"Hostname\":\"VMNET1.FPL.COM\",\"ServerName\":\"MSSQLSERVER\",\"MachineIds\":[\"fe531d23-4bdb-4e72-b7cd-0bb230061bda_500f184d-8f5e-e039-4cdb-c59f57e20f2c-ext\"],\"Port\":1433,\"AvailablePortList\":[1433],\"IsDynamicPort\":false,\"IpAddresses\":null,\"RunAsAccountId\":null,\"HydratedRunAsAccount\":null,\"FabricElementType\":\"SqlServer\",\"Status\":4,\"IsClustered\":true,\"NamedPipeName\":\"\\\\\\\\.\\\\pipe\\\\$$\\\\VMNET1\\\\sql\\\\query\",\"IsNamedPipeEnabled\":true,\"IsTCPIPEnabled\":true,\"HydratedDataSource\":null,\"IPToPortmapping\":[{\"IPAddress\":\"10.150.13.27\",\"PortList\":[1433]}]}","EntityType":"SqlServer","EntityErrors":[{"ErrorCode":"LoginFailed18456","ErrorLevel":"Error","ErrorMessageParametersMap":{"ErrorState":"1","PossibleCauses":"Error information isn't available. This state usually means you don't have permission to receive the error details. Contact your SQL Server administrator for more information."},"RunAsAccountId":"47d4a694-c085-5c71-81e6-be7dc956ba72","DiscoveryScope":"StaticData","Id":"","Message":"","SummaryMessage":"","PossibleCause":"","RecommendedAction":"","UpdatedTimeStamp":"2025-10-17T13:52:50.4256834Z","AdditionalInfo":{}}],"FabricElementType":"Error"},{"Entity":"{\"Id\":\"fe531d23-4bdb-4e72-b7cd-0bb230061bda_500f483c-603c-163b-4b7b-262dae26b60f_MSSQLSERVER\",\"Hostname\":\"WIN-DUVH2RKOQGU\",\"ServerName\":\"MSSQLSERVER\",\"MachineIds\":[],\"Port\":1433,\"AvailablePortList\":[1433],\"IsDynamicPort\":false,\"IpAddresses\":null,\"RunAsAccountId\":null,\"HydratedRunAsAccount\":null,\"FabricElementType\":\"SqlServer\",\"Status\":4,\"IsClustered\":false,\"NamedPipeName\":\"\",\"IsNamedPipeEnabled\":false,\"IsTCPIPEnabled\":true,\"HydratedDataSource\":null,\"IPToPortmapping\":[{\"IPAddress\":\"10.150.12.245\",\"PortList\":[1433]}]}","EntityType":"SqlServer","EntityErrors":[{"ErrorCode":"LoginFailed18456","ErrorLevel":"Error","ErrorMessageParametersMap":{"ErrorState":"1","PossibleCauses":"Error information isn't available. This state usually means you don't have permission to receive the error details. Contact your SQL Server administrator for more information."},"RunAsAccountId":"47d4a694-c085-5c71-81e6-be7dc956ba72","DiscoveryScope":"StaticData","Id":"","Message":"","SummaryMessage":"","PossibleCause":"","RecommendedAction":"","UpdatedTimeStamp":"2025-10-17T13:52:20.902877Z","AdditionalInfo":{}}],"FabricElementType":"Error"},{"Entity":"{\"Id\":\"fe531d23-4bdb-4e72-b7cd-0bb230061bda_500f184d-8f5e-e039-4cdb-c59f57e20f2c-ext\",\"Hostname\":\"VM-GQLVM05.FPL.COM\",\"IPsAndHostNames\":[\"VM-GQLVM05.FPL.COM\",\"2404:f801:4800:25:60c1:5208:1bf1:722f\",\"10.150.13.19\",\"2404:f801:4800:25:211:6a2:89e9:ce52\",\"10.150.13.23\",\"10.150.13.27\"],\"MachineDisplayName\":\"VM-GQLVM05\",\"HydratedRunAsAccount\":\"c96c2668-a5cb-504d-8b83-6fc4209f367a\",\"GuestOS\":1,\"FabricElementType\":\"SqlExtendedMachine\"}","EntityType":"SqlExtendedMachine","EntityErrors":[{"ErrorCode":"UnableToConnectToPhysicalServer","ErrorLevel":"Error","ErrorMessageParametersMap":{"Name":"VM-GQLVM05","ErrorCode":"UnableToConnectToPhysicalServer","ErrorMessage":"Unable to connect to this machine. The error per IP is: \n[IP: VM-GQLVM05, Error:Unable to connect to server/vm 'VM-GQLVM05' due to an error. Error code: '-2146233088' Error details: 'Failed to open runspace (state: Broken).System.Management.Automation.Remoting.PSRemotingTransportException: Connecting to remote server VM-GQLVM05 failed with the following error message : The WinRM client cannot process the request because the server name cannot be resolved. For more information, see the about_Remote_Troubleshooting Help topic.'.]\n[IP: VM-GQLVM05, Error:Unable to connect to server/vm 'VM-GQLVM05' due to an error. Error code: '-2146233088' Error details: 'Failed to open runspace (state: Broken).System.Management.Automation.Remoting.PSRemotingTransportException: Connecting to remote server VM-GQLVM05 failed with the following error message : The WinRM client cannot process the request because the server name cannot be resolved. For more information, see the about_Remote_Troubleshooting Help topic.'.]\n[IP: VM-GQLVM05.FPL.COM, Error:Unable to connect to server/vm 'VM-GQLVM05.FPL.COM' due to an error. Error code: '-2146233088' Error details: 'Failed to open runspace (state: Broken).System.Management.Automation.Remoting.PSRemotingTransportException: Connecting to remote server VM-GQLVM05.FPL.COM failed with the following error message : The WinRM client cannot process the request because the server name cannot be resolved. For more information, see the about_Remote_Troubleshooting Help topic.'.]\n[IP: VM-GQLVM05.FPL.COM, Error:Unable to connect to server/vm 'VM-GQLVM05.FPL.COM' due to an error. Error code: '-2146233088' Error details: 'Failed to open runspace (state: Broken).System.Management.Automation.Remoting.PSRemotingTransportException: Connecting to remote server VM-GQLVM05.FPL.COM failed with the following error message : The WinRM client cannot process the request because the server name cannot be resolved. For more information, see the about_Remote_Troubleshooting Help topic.'.]\n"},"RunAsAccountId":"c96c2668-a5cb-504d-8b83-6fc4209f367a","DiscoveryScope":"StaticData","Id":"","Message":"","SummaryMessage":"","PossibleCause":"","RecommendedAction":"","UpdatedTimeStamp":"2025-10-17T13:53:07.6922278Z","AdditionalInfo":{}}],"FabricElementType":"Error"},{"Entity":"{\"Id\":\"fe531d23-4bdb-4e72-b7cd-0bb230061bda_500f2ced-d8fc-cd5c-893e-d6358c452a36_MSSQLSERVER\",\"Hostname\":\"WIN-HB64FDC5399\",\"ServerName\":\"MSSQLSERVER\",\"MachineIds\":[],\"Port\":1433,\"AvailablePortList\":[1433],\"IsDynamicPort\":false,\"IpAddresses\":null,\"RunAsAccountId\":null,\"HydratedRunAsAccount\":null,\"FabricElementType\":\"SqlServer\",\"Status\":4,\"IsClustered\":false,\"NamedPipeName\":\"\",\"IsNamedPipeEnabled\":false,\"IsTCPIPEnabled\":true,\"HydratedDataSource\":null,\"IPToPortmapping\":[{\"IPAddress\":\"10.150.9.202\",\"PortList\":[1433]}]}","EntityType":"SqlServer","EntityErrors":[{"ErrorCode":"LoginFailed18456","ErrorLevel":"Error","ErrorMessageParametersMap":{"ErrorState":"1","PossibleCauses":"Error information isn't available. This state usually means you don't have permission to receive the error details. Contact your SQL Server administrator for more information."},"RunAsAccountId":"47d4a694-c085-5c71-81e6-be7dc956ba72","DiscoveryScope":"StaticData","Id":"","Message":"","SummaryMessage":"","PossibleCause":"","RecommendedAction":"","UpdatedTimeStamp":"2025-10-17T13:52:20.9028853Z","AdditionalInfo":{}}],"FabricElementType":"Error"}]},"Delete":{"SqlExtendedMachines":[{"Id":"fe531d23-4bdb-4e72-b7cd-0bb230061bda_500fadaf-6d55-d4ef-53f9-3dda67f1b754-ext","Hostname":"WIN-0A8OOECUUJ4","IPsAndHostNames":["WIN-0A8OOECUUJ4","2404:f801:4800:25:4d9c:7d3b:afbc:c501","10.150.9.165"],"MachineDisplayName":"VM-GQLVM04","HydratedRunAsAccount":"c96c2668-a5cb-504d-8b83-6fc4209f367a","GuestOS":1,"FabricElementType":"SqlExtendedMachine"},{"Id":"fe531d23-4bdb-4e72-b7cd-0bb230061bda_500f184d-8f5e-e039-4cdb-c59f57e20f2c-ext","Hostname":"VM-GQLVM05.FPL.COM","IPsAndHostNames":["VM-GQLVM05.FPL.COM","2404:f801:4800:25:60c1:5208:1bf1:722f","10.150.13.19","2404:f801:4800:25:211:6a2:89e9:ce52","10.150.13.23","10.150.13.27"],"MachineDisplayName":"VM-GQLVM05","HydratedRunAsAccount":"c96c2668-a5cb-504d-8b83-6fc4209f367a","GuestOS":1,"FabricElementType":"SqlExtendedMachine"},{"Id":"fe531d23-4bdb-4e72-b7cd-0bb230061bda_500fff03-354f-2a21-d78c-e1ede59856a7-ext","Hostname":"VM-GQLVM06.FPL.COM","IPsAndHostNames":["VM-GQLVM06.FPL.COM","2404:f801:4800:25:647d:1cc4:f2f0:c8ad","2404:f801:4800:25:f2c6:ca90:5c24:7e48","10.150.9.254","10.150.13.28","2404:f801:4800:25:4e81:dc02:af68:cc32","10.150.10.5"],"MachineDisplayName":"VM-GQLVM06","HydratedRunAsAccount":"c96c2668-a5cb-504d-8b83-6fc4209f367a","GuestOS":1,"FabricElementType":"SqlExtendedMachine"},{"Id":"fe531d23-4bdb-4e72-b7cd-0bb230061bda_500f2ced-d8fc-cd5c-893e-d6358c452a36-ext","Hostname":"WIN-HB64FDC5399","IPsAndHostNames":["WIN-HB64FDC5399","2404:f801:4800:25:764f:3bc0:f757:ffce","10.150.9.202"],"MachineDisplayName":"VM-GQLVM09","HydratedRunAsAccount":"c96c2668-a5cb-504d-8b83-6fc4209f367a","GuestOS":1,"FabricElementType":"SqlExtendedMachine"},{"Id":"fe531d23-4bdb-4e72-b7cd-0bb230061bda_500f02cc-aa0f-1e77-7231-a21216f856ff-ext","Hostname":"VM-GQLVM07.FPL.COM","IPsAndHostNames":["VM-GQLVM07.FPL.COM","2404:f801:4800:25:ee9c:cca0:dc72:c504","10.150.13.21","2404:f801:4800:25:a6bd:8a0e:eed2:ef7e","2404:f801:4800:25:a506:1191:5e1:f093","10.150.10.4","10.150.10.8"],"MachineDisplayName":"VM-GQLVM07","HydratedRunAsAccount":"c96c2668-a5cb-504d-8b83-6fc4209f367a","GuestOS":1,"FabricElementType":"SqlExtendedMachine"},{"Id":"fe531d23-4bdb-4e72-b7cd-0bb230061bda_500f483c-603c-163b-4b7b-262dae26b60f-ext","Hostname":"WIN-DUVH2RKOQGU","IPsAndHostNames":["WIN-DUVH2RKOQGU","2404:f801:4800:25:cf9b:af19:dad0:23b8","10.150.12.245"],"MachineDisplayName":"VM-GQLVM10","HydratedRunAsAccount":"c96c2668-a5cb-504d-8b83-6fc4209f367a","GuestOS":1,"FabricElementType":"SqlExtendedMachine"},{"Id":"fe531d23-4bdb-4e72-b7cd-0bb230061bda_500f281e-477c-1618-045f-c44db285b012-ext","Hostname":"VM-GQLVM08.FPL.COM","IPsAndHostNames":["VM-GQLVM08.FPL.COM","2404:f801:4800:25:1f18:5c71:972b:8464","10.150.10.1","10.150.13.29","2404:f801:4800:25:49ab:4d6e:423a:b6","10.150.10.6"],"MachineDisplayName":"VM-GQLVM08","HydratedRunAsAccount":"c96c2668-a5cb-504d-8b83-6fc4209f367a","GuestOS":1,"FabricElementType":"SqlExtendedMachine"},{"Id":"fe531d23-4bdb-4e72-b7cd-0bb230061bda_500f40d7-4d85-7a4b-f80f-6d88f2e8cc32-ext","Hostname":"VM-GQLAG02.FPL.COM","IPsAndHostNames":["VM-GQLAG02.FPL.COM","2404:f801:4800:25:7d07:1ef1:c01a:afa5","10.150.12.241","10.150.9.193"],"MachineDisplayName":"VM-GQLAG02","HydratedRunAsAccount":"c96c2668-a5cb-504d-8b83-6fc4209f367a","GuestOS":1,"FabricElementType":"SqlExtendedMachine"}],"SqlServers":[],"SqlDatabases":[],"SqlAvailabilityGroups":[],"RunAsAccounts":[],"Errors":[]},"UpdateType":"OnDemand","Source":"RefreshFabricLayout","ServiceInitiatedJobId":"9afd9003-8aab-4394-8b28-d722a841433a"}