{
  "settings": {
    "components": {
      "code": true,
      "binaries": false
    },
    "targetId": "AppService.Windows",
    "targetDisplayName": "Azure App Service (Windows)"
  },
  "analysisStartTime": "2025-11-16T17:44:01.8382147Z",
  "analysisEndTime": "2025-11-16T17:44:09.201334Z",
  "privacyMode": "Unrestricted",
  "privacyModeHelpUrl": "https://go.microsoft.com/fwlink/?linkid=2271074",
  "stats": {
    "summary": {
      "projects": 1,
      "issues": 5,
      "incidents": 13,
      "effort": 39
    },
    "charts": {
      "severity": {
        "Mandatory": 1,
        "Optional": 3,
        "Potential": 9,
        "Information": 0
      },
      "category": {
        "Scale": 1,
        "Database": 1,
        "Identity": 1,
        "Security": 2,
        "Local": 8
      }
    }
  },
  "projects": [
    {
      "path": "ContosoUniversity.csproj",
      "startingProject": true,
      "issues": 5,
      "storyPoints": 39,
      "properties": {
        "appName": "ContosoUniversity",
        "frameworks": [
          ".NETFramework,Version=v4.8"
        ],
        "languages": [
          "C#"
        ],
        "tools": [
          "MSBuild"
        ]
      },
      "ruleInstances": [
        {
          "incidentId": "2d6f22d8-f12e-42c0-a2ee-d76794a92fb8",
          "ruleId": "Scale.0001",
          "projectPath": "ContosoUniversity.csproj",
          "state": "Active",
          "location": {
            "kind": "File",
            "path": "ContosoUniversity.csproj",
            "snippet": "Found 38 files matching the rule:\r\n\r\n%USERPROFILE%\\.nuget\\packages\\bootstrap\\5.3.3\\contentFiles\\any\\any\\wwwroot\\css\\bootstrap-grid.css\r\n%USERPROFILE%\\.nuget\\packages\\bootstrap\\5.3.3\\contentFiles\\any\\any\\wwwroot\\css\\bootstrap-grid.min.css\r\n%USERPROFILE%\\.nuget\\packages\\bootstrap\\5.3.3\\contentFiles\\any\\any\\wwwroot\\css\\bootstrap-grid.rtl.css\r\n%USERPROFILE%\\.nuget\\packages\\bootstrap\\5.3.3\\contentFiles\\any\\any\\wwwroot\\css\\bootstrap-grid.rtl.min.css\r\n%USERPROFILE%\\.nuget\\packages\\bootstrap\\5.3.3\\contentFiles\\any\\any\\wwwroot\\css\\bootstrap-reboot.css\r\n%USERPROFILE%\\.nuget\\packages\\bootstrap\\5.3.3\\contentFiles\\any\\any\\wwwroot\\css\\bootstrap-reboot.min.css\r\n%USERPROFILE%\\.nuget\\packages\\bootstrap\\5.3.3\\contentFiles\\any\\any\\wwwroot\\css\\bootstrap-reboot.rtl.css\r\n%USERPROFILE%\\.nuget\\packages\\bootstrap\\5.3.3\\contentFiles\\any\\any\\wwwroot\\css\\bootstrap-reboot.rtl.min.css\r\n%USERPROFILE%\\.nuget\\packages\\bootstrap\\5.3.3\\contentFiles\\any\\any\\wwwroot\\css\\bootstrap-utilities.css\r\n%USERPROFILE%\\.nuget\\packages\\bootstrap\\5.3.3\\contentFiles\\any\\any\\wwwroot\\css\\bootstrap-utilities.min.css\r\n%USERPROFILE%\\.nuget\\packages\\bootstrap\\5.3.3\\contentFiles\\any\\any\\wwwroot\\css\\bootstrap-utilities.rtl.css\r\n%USERPROFILE%\\.nuget\\packages\\bootstrap\\5.3.3\\contentFiles\\any\\any\\wwwroot\\css\\bootstrap-utilities.rtl.min.css\r\n%USERPROFILE%\\.nuget\\packages\\bootstrap\\5.3.3\\contentFiles\\any\\any\\wwwroot\\css\\bootstrap.css\r\n%USERPROFILE%\\.nuget\\packages\\bootstrap\\5.3.3\\contentFiles\\any\\any\\wwwroot\\css\\bootstrap.min.css\r\n%USERPROFILE%\\.nuget\\packages\\bootstrap\\5.3.3\\contentFiles\\any\\any\\wwwroot\\css\\bootstrap.rtl.css\r\n%USERPROFILE%\\.nuget\\packages\\bootstrap\\5.3.3\\contentFiles\\any\\any\\wwwroot\\css\\bootstrap.rtl.min.css\r\n%USERPROFILE%\\.nuget\\packages\\bootstrap\\5.3.3\\contentFiles\\any\\any\\wwwroot\\js\\bootstrap.bundle.js\r\n%USERPROFILE%\\.nuget\\packages\\bootstrap\\5.3.3\\contentFiles\\any\\any\\wwwroot\\js\\bootstrap.bundle.min.js\r\n%USERPROFILE%\\.nuget\\packages\\bootstrap\\5.3.3\\contentFiles\\any\\any\\wwwroot\\js\\bootstrap.esm.js\r\n%USERPROFILE%\\.nuget\\packages\\bootstrap\\5.3.3\\contentFiles\\any\\any\\wwwroot\\js\\bootstrap.esm.min.js\r\n%USERPROFILE%\\.nuget\\packages\\bootstrap\\5.3.3\\contentFiles\\any\\any\\wwwroot\\js\\bootstrap.js\r\n%USERPROFILE%\\.nuget\\packages\\bootstrap\\5.3.3\\contentFiles\\any\\any\\wwwroot\\js\\bootstrap.min.js\r\nContent\\bootstrap.css\r\nContent\\bootstrap.min.css\r\nContent\\Site.css\r\nfavicon.ico\r\nScripts\\bootstrap.js\r\nScripts\\bootstrap.min.js\r\nScripts\\jquery-3.4.1.js\r\nScripts\\jquery-3.4.1.min.js\r\nScripts\\jquery.validate.js\r\nScripts\\jquery.validate.min.js\r\nScripts\\jquery.validate.unobtrusive.js\r\nScripts\\jquery.validate.unobtrusive.min.js\r\nScripts\\modernizr-2.6.2.js\r\nScripts\\respond.js\r\nScripts\\respond.min.js\r\nUploads\\TeachingMaterials\\course_1045_2b7f6522-b007-4c5d-9304-57b3ef4a182c.jpg\r\n"
          }
        },
        {
          "incidentId": "ef8683f8-b42a-4ce4-bdf1-a942ad930305",
          "ruleId": "Database.0002",
          "projectPath": "ContosoUniversity.csproj",
          "state": "Active",
          "location": {
            "kind": "File",
            "path": "Web.config",
            "snippet": "\u003Cadd name=\u0022DefaultConnection\u0022 connectionString=\u0022Data Source=(LocalDb)\\MSSQLLocalDB;Initial Catalog=ContosoUniversityNoAuthEFCore;Integrated Security=True;MultipleActiveResultSets=True\u0022 /\u003E"
          }
        },
        {
          "incidentId": "efd12fae-c303-4154-99ba-2ddf1b251536",
          "ruleId": "Identity.0002",
          "projectPath": "ContosoUniversity.csproj",
          "state": "Active",
          "location": {
            "kind": "File",
            "path": "Web.config",
            "snippet": "\u003Cadd name=\u0022DefaultConnection\u0022 connectionString=\u0022Data Source=(LocalDb)\\MSSQLLocalDB;Initial Catalog=ContosoUniversityNoAuthEFCore;Integrated Security=True;MultipleActiveResultSets=True\u0022 /\u003E"
          }
        },
        {
          "incidentId": "1cabd658-fe96-4dee-976c-62b2ca84fa97",
          "ruleId": "Security.0002",
          "projectPath": "ContosoUniversity.csproj",
          "state": "Active",
          "location": {
            "kind": "File",
            "path": "Web.config",
            "snippet": "\u003CappSettings\u003E\r\n  \u003Cadd key=\u0022webpages:Version\u0022 value=\u00223.0.0.0\u0022 /\u003E\r\n  \u003Cadd key=\u0022webpages:Enabled\u0022 value=\u0022false\u0022 /\u003E\r\n  \u003Cadd key=\u0022ClientValidationEnabled\u0022 value=\u0022true\u0022 /\u003E\r\n  \u003Cadd key=\u0022UnobtrusiveJavaScriptEnabled\u0022 value=\u0022true\u0022 /\u003E\r\n  \u003C!-- Notification Queue Configuration --\u003E\r\n  \u003Cadd key=\u0022NotificationQueuePath\u0022 value=\u0022.\\Private$\\ContosoUniversityNotifications\u0022 /\u003E\r\n\u003C/appSettings\u003E"
          }
        },
        {
          "incidentId": "db96b37a-dbba-448c-b0d0-d4abbf1cafb1",
          "ruleId": "Security.0002",
          "projectPath": "ContosoUniversity.csproj",
          "state": "Active",
          "location": {
            "kind": "File",
            "path": "Web.config",
            "snippet": "\u003CconnectionStrings\u003E\r\n  \u003Cadd name=\u0022DefaultConnection\u0022 connectionString=\u0022Data Source=(LocalDb)\\MSSQLLocalDB;Initial Catalog=ContosoUniversityNoAuthEFCore;Integrated Security=True;MultipleActiveResultSets=True\u0022 /\u003E\r\n\u003C/connectionStrings\u003E"
          }
        },
        {
          "incidentId": "edd5a757-6b03-4b4b-afcc-84189a953191",
          "ruleId": "Local.0003",
          "projectPath": "ContosoUniversity.csproj",
          "state": "Active",
          "location": {
            "kind": "File",
            "path": "Controllers\\CoursesController.cs",
            "snippet": "Directory.CreateDirectory(uploadsPath);",
            "label": "System.IO.Directory",
            "line": 161,
            "column": 28
          }
        },
        {
          "incidentId": "d5dda1fd-eef5-497a-bfa4-f6304184631d",
          "ruleId": "Local.0003",
          "projectPath": "ContosoUniversity.csproj",
          "state": "Active",
          "location": {
            "kind": "File",
            "path": "Controllers\\CoursesController.cs",
            "snippet": "Directory.CreateDirectory(uploadsPath);",
            "label": "System.IO.Directory",
            "line": 78,
            "column": 28
          }
        },
        {
          "incidentId": "9e9d0190-4b87-48fb-9123-24aa4e6ab12e",
          "ruleId": "Local.0003",
          "projectPath": "ContosoUniversity.csproj",
          "state": "Active",
          "location": {
            "kind": "File",
            "path": "Controllers\\CoursesController.cs",
            "snippet": "if (!Directory.Exists(uploadsPath))\r\n                        {\r\n                            Directory.CreateDirectory(uploadsPath);\r\n                        }",
            "label": "System.IO.Directory",
            "line": 159,
            "column": 29
          }
        },
        {
          "incidentId": "486321d9-6a9f-4be6-b1a4-763d41c02d56",
          "ruleId": "Local.0003",
          "projectPath": "ContosoUniversity.csproj",
          "state": "Active",
          "location": {
            "kind": "File",
            "path": "Controllers\\CoursesController.cs",
            "snippet": "if (!Directory.Exists(uploadsPath))\r\n                        {\r\n                            Directory.CreateDirectory(uploadsPath);\r\n                        }",
            "label": "System.IO.Directory",
            "line": 76,
            "column": 29
          }
        },
        {
          "incidentId": "c1dd2308-0248-4493-be96-52211f50da1f",
          "ruleId": "Local.0003",
          "projectPath": "ContosoUniversity.csproj",
          "state": "Active",
          "location": {
            "kind": "File",
            "path": "Controllers\\CoursesController.cs",
            "snippet": "if (System.IO.File.Exists(filePath))\r\n                {\r\n                    try\r\n                    {\r\n                        System.IO.File.Delete(filePath);\r\n                    }\r\n                    catch (Exception ex)\r\n                    {\r\n                        // Log the error but don\u0027t prevent deletion of the course\r\n                        // In a production application, you would log this error properly\r\n                        System.Diagnostics.Debug.WriteLine($\u0022Error deleting file: {ex.Message}\u0022);\r\n                    }\r\n                }",
            "label": "System.IO.File",
            "line": 229,
            "column": 30
          }
        },
        {
          "incidentId": "f4c8a770-5c22-40ac-a1d8-489ad3cb1050",
          "ruleId": "Local.0003",
          "projectPath": "ContosoUniversity.csproj",
          "state": "Active",
          "location": {
            "kind": "File",
            "path": "Controllers\\CoursesController.cs",
            "snippet": "if (System.IO.File.Exists(oldFilePath))\r\n                            {\r\n                                System.IO.File.Delete(oldFilePath);\r\n                            }",
            "label": "System.IO.File",
            "line": 172,
            "column": 42
          }
        },
        {
          "incidentId": "16b89261-7b4f-47f5-866b-0b21a81641d5",
          "ruleId": "Local.0003",
          "projectPath": "ContosoUniversity.csproj",
          "state": "Active",
          "location": {
            "kind": "File",
            "path": "Controllers\\CoursesController.cs",
            "snippet": "System.IO.File.Delete(filePath);",
            "label": "System.IO.File",
            "line": 233,
            "column": 34
          }
        },
        {
          "incidentId": "c883c960-a749-4eab-bc32-4c12b5016021",
          "ruleId": "Local.0003",
          "projectPath": "ContosoUniversity.csproj",
          "state": "Active",
          "location": {
            "kind": "File",
            "path": "Controllers\\CoursesController.cs",
            "snippet": "System.IO.File.Delete(oldFilePath);",
            "label": "System.IO.File",
            "line": 174,
            "column": 42
          }
        }
      ]
    }
  ],
  "rules": {
    "Scale.0001": {
      "id": "Scale.0001",
      "description": "Static content detected.\n\nYour current approach of serving static content directly might lead to increased costs, performance issues, maintenance challenges (requiring application redeployment for content changes), and security risks.\n\nConsider moving static content to Azure Blob Storage and adding Azure CDN.",
      "label": "Static content detected",
      "severity": "Optional",
      "effort": 3,
      "links": [
        {
          "title": "Azure Blob Storage",
          "url": "https://go.microsoft.com/fwlink/?linkid=2250574"
        },
        {
          "title": "Azure CDN",
          "url": "https://go.microsoft.com/fwlink/?linkid=2250392"
        }
      ]
    },
    "Database.0002": {
      "id": "Database.0002",
      "description": "SQL database connection detected.\n\nEnsure the database is available/reachable on Azure.\n\nIf it is not, there are multiple ways you can move your data to Azure:\n    1. Migrate to Azure SQL Database.\n    2. Consider Azure SQL Managed Instance if you need features that are not available in Azure SQL Database and you don\u2019t want to use a VM.\n    3. Migrate your database servers directly to SQL Server on Azure VMs.\n\nTo assess database migration effort, you can use Azure Migrate tool, see the link below.",
      "label": "SQL database connection detected",
      "severity": "Potential",
      "effort": 3,
      "links": [
        {
          "title": "Migrate SQL Server database to Azure",
          "url": "https://go.microsoft.com/fwlink/?LinkID=2251731"
        },
        {
          "title": "Azure SQL Managed Instance",
          "url": "https://go.microsoft.com/fwlink/?LinkID=2251613"
        },
        {
          "title": "Azure Migrate",
          "url": "https://go.microsoft.com/fwlink/?linkid=2252410"
        }
      ]
    },
    "Identity.0002": {
      "id": "Identity.0002",
      "description": "Your app is using windows authentication which is not supported on Azure App Service, Azure Container Apps and Azure Kubernetes Service.\n\nAzure App Service provides built-in authentication and authorization capabilities, so you can sign in users and access data by writing minimal or no code in your web app.\n\nFollow the link below for more information.\u0022",
      "label": "Windows authentication detected",
      "severity": "Mandatory",
      "effort": 3,
      "links": [
        {
          "url": "https://go.microsoft.com/fwlink/?LinkID=2242883"
        }
      ]
    },
    "Security.0002": {
      "id": "Security.0002",
      "description": "Connection strings without configuration builders detected.  \n\n Keeping connection strings directly in the app is not the best practice and might introduce security risks, increased maintenance, scalability challenges or compliance standards (such as PCI DSS, GDPR, etc.). \n\n Instead, it is recommended to use configuration builders to get secrets from secure sources in Azure environment.",
      "label": "Connection strings without configuration builders detected",
      "severity": "Optional",
      "effort": 3,
      "links": [
        {
          "title": "Configuration builders",
          "url": "https://go.microsoft.com/fwlink/?LinkID=2250915"
        },
        {
          "title": "Storing application secrets",
          "url": "https://go.microsoft.com/fwlink/?LinkID=2250916"
        },
        {
          "title": "Centralized app configuration and security",
          "url": "https://go.microsoft.com/fwlink/?LinkID=2250733"
        }
      ]
    },
    "Local.0003": {
      "id": "Local.0003",
      "description": "Your application has local or network IO operations.\n\nIO operations outside of the application folder might not be available on Azure App Service. Review and ensure IO APIs are attempting to access paths that will be available when your app is running on App Service sandbox. If you choose the containerized hosting option, your scenario still might be broken or have scalability issues.\n\nPossible solutions:\n    1. Files that the application needs can be deployed with the application or put in Azure Storage. You can use Azure Storage File Shares as a drop-in replacement for on-premises file share.\n    2. Other services that the application depends on might need to be migrated to Azure, this way you will get the benefit of lower latency in the cloud.\n    3. If your application needs to depend on services that run on-premise, you can connect your Azure and local networks with ExpressRoute, Hybrid Connections, or VPN solutions.",
      "label": "Local or network IO operations detected",
      "severity": "Potential",
      "effort": 3,
      "links": [
        {
          "title": "Azure file share",
          "url": "https://go.microsoft.com/fwlink/?LinkID=2242591"
        },
        {
          "title": "ExpressRoute",
          "url": "https://go.microsoft.com/fwlink/?LinkID=2250577"
        },
        {
          "title": "Hybrid Connections",
          "url": "https://go.microsoft.com/fwlink/?LinkID=2242588"
        },
        {
          "title": "Connect an on-prem network",
          "url": "https://go.microsoft.com/fwlink/?LinkID=2242591"
        },
        {
          "title": "Design to scale out",
          "url": "https://go.microsoft.com/fwlink/?linkid=2251007"
        }
      ]
    }
  }
}